{"content":[{"id":"3cdfd85","settings":{"stretch_section":"section-stretched","layout":"full_width","background_background":"classic","background_color":"#0B162A","padding":{"unit":"px","top":"50","right":"0","bottom":"035","left":"0","isLinked":false},"padding_mobile":{"unit":"px","top":"15","right":"15","bottom":"15","left":"15","isLinked":true}},"elements":[{"id":"35d7a65a","settings":{"_column_size":100,"_inline_size":null},"elements":[{"id":"5626430","settings":{"structure":"40","margin":{"unit":"px","top":"15","right":0,"bottom":"0","left":0,"isLinked":false}},"elements":[{"id":"5b1efde6","settings":{"_column_size":25,"_inline_size":null},"elements":[{"id":"163e82f5","settings":{"title":"Contact Us","typography_typography":"custom","typography_font_family":"Nunito","typography_font_size":{"unit":"px","size":23,"sizes":[]},"typography_font_weight":"700","typography_line_height":{"unit":"px","size":18,"sizes":[]},"title_color":"#FFFFFF"},"elements":[],"isInner":false,"widgetType":"heading","elType":"widget"},{"id":"5c2ddaa6","settings":{"icon_list":[{"text":"+123456789","selected_icon":{"value":"","library":""},"_id":"269eff5","link":{"url":"#","is_external":"","nofollow":"","custom_attributes":""}},{"text":"mudassar@gmail.Com","selected_icon":{"value":"","library":""},"link":{"url":"#","is_external":"","nofollow":"","custom_attributes":""},"_id":"069e0cd"},{"text":"890, Green Lane, Pakistan","selected_icon":{"value":"","library":""},"link":{"url":"#","is_external":"","nofollow":"","custom_attributes":""},"_id":"29ada71"}],"space_between":{"unit":"px","size":0,"sizes":[]},"icon_align":"left","icon_color":"#FFFFFF","icon_size":{"unit":"px","size":6,"sizes":[]},"icon_self_align":"left","text_color":"rgba(255, 255, 255, 0.7607843137254902)","text_indent":{"unit":"px","size":0,"sizes":[]},"icon_typography_typography":"custom","icon_typography_font_family":"Karla","icon_typography_font_size":{"unit":"px","size":17,"sizes":[]}},"elements":[],"isInner":false,"widgetType":"icon-list","elType":"widget"}],"isInner":true,"elType":"column"},{"id":"4b0e911f","settings":{"_column_size":25,"_inline_size":null},"elements":[{"id":"304dab47","settings":{"title":"Our Servces","typography_typography":"custom","typography_font_family":"Nunito","typography_font_size":{"unit":"px","size":23,"sizes":[]},"typography_font_weight":"700","typography_line_height":{"unit":"px","size":18,"sizes":[]},"title_color":"#FFFFFF"},"elements":[],"isInner":false,"widgetType":"heading","elType":"widget"},{"id":"6ee917fc","settings":{"icon_list":[{"text":"Home","selected_icon":{"value":"","library":""},"_id":"269eff5","link":{"url":"#","is_external":"","nofollow":"","custom_attributes":""}},{"text":"About Us","selected_icon":{"value":"","library":""},"link":{"url":"#","is_external":"","nofollow":"","custom_attributes":""},"_id":"069e0cd"},{"text":"Services","selected_icon":{"value":"","library":""},"link":{"url":"#","is_external":"","nofollow":"","custom_attributes":""},"_id":"29ada71"},{"text":"Features","selected_icon":{"value":"","library":""},"link":{"url":"#","is_external":"","nofollow":"","custom_attributes":""},"_id":"8823b11"}],"space_between":{"unit":"px","size":0,"sizes":[]},"icon_align":"left","icon_color":"#FFFFFF","icon_size":{"unit":"px","size":6,"sizes":[]},"icon_self_align":"left","text_color":"rgba(255, 255, 255, 0.7607843137254902)","text_indent":{"unit":"px","size":0,"sizes":[]},"icon_typography_typography":"custom","icon_typography_font_family":"Karla","icon_typography_font_size":{"unit":"px","size":17,"sizes":[]},"text_color_hover":"#6EC1E4"},"elements":[],"isInner":false,"widgetType":"icon-list","elType":"widget"}],"isInner":true,"elType":"column"},{"id":"18958a10","settings":{"_column_size":25,"_inline_size":null},"elements":[{"id":"2b1eaa8c","settings":{"title":"Quick Link","typography_typography":"custom","typography_font_family":"Nunito","typography_font_size":{"unit":"px","size":23,"sizes":[]},"typography_font_weight":"700","typography_line_height":{"unit":"px","size":18,"sizes":[]},"title_color":"#FFFFFF"},"elements":[],"isInner":false,"widgetType":"heading","elType":"widget"},{"id":"3efeb3fa","settings":{"icon_list":[{"text":"Knowledge Base ","selected_icon":{"value":"","library":""},"_id":"269eff5","link":{"url":"#","is_external":"","nofollow":"","custom_attributes":""}},{"text":"Hire An Expert ","selected_icon":{"value":"","library":""},"link":{"url":"#","is_external":"","nofollow":"","custom_attributes":""},"_id":"069e0cd"},{"text":"FAQ ","selected_icon":{"value":"","library":""},"link":{"url":"#","is_external":"","nofollow":"","custom_attributes":""},"_id":"29ada71"},{"text":"Contact","selected_icon":{"value":"","library":""},"link":{"url":"#","is_external":"","nofollow":"","custom_attributes":""},"_id":"8823b11"}],"space_between":{"unit":"px","size":0,"sizes":[]},"icon_align":"left","icon_color":"#FFFFFF","icon_size":{"unit":"px","size":6,"sizes":[]},"icon_self_align":"left","text_color":"rgba(255, 255, 255, 0.7607843137254902)","text_indent":{"unit":"px","size":0,"sizes":[]},"icon_typography_typography":"custom","icon_typography_font_family":"Karla","icon_typography_font_size":{"unit":"px","size":17,"sizes":[]},"text_color_hover":"#6EC1E4"},"elements":[],"isInner":false,"widgetType":"icon-list","elType":"widget"}],"isInner":true,"elType":"column"},{"id":"2e4e07f2","settings":{"_column_size":25,"_inline_size":null},"elements":[{"id":"6d269384","settings":{"align":"left"},"elements":[],"isInner":false,"widgetType":"site-logo","elType":"widget"},{"id":"27bc245d","settings":{"social_icon_list":[{"social_icon":{"value":"fab fa-facebook","library":"fa-brands"},"_id":"3c287b2"},{"social_icon":{"value":"fab fa-twitter","library":"fa-brands"},"_id":"1fe5027"},{"social_icon":{"value":"fab fa-instagram","library":"fa-brands"},"_id":"b6f8112"},{"social_icon":{"value":"fab fa-linkedin","library":"fa-brands"},"_id":"5646e26"}],"icon_color":"custom","icon_primary_color":"rgba(2, 1, 1, 0)","icon_secondary_color":"#6EC1E4","align_mobile":"left"},"elements":[],"isInner":false,"widgetType":"social-icons","elType":"widget"}],"isInner":true,"elType":"column"}],"isInner":true,"elType":"section"},{"id":"5e8e5fe6","settings":{"margin":{"unit":"px","top":"40","right":0,"bottom":"0","left":0,"isLinked":false}},"elements":[{"id":"92b79f9","settings":{"_column_size":100,"_inline_size":null},"elements":[{"id":"19db2bdd","settings":{"title":"Copyright \u00a92020 All rights reserved | Block is made with  by <a href=\"#\" style =\"color:#72C1E4\">Mudassar Chaudhry<\/a>\n\n","typography_typography":"custom","typography_font_family":"Nunito","typography_font_size":{"unit":"px","size":16,"sizes":[]},"typography_font_weight":"400","typography_line_height":{"unit":"px","size":20,"sizes":[]},"align":"center","title_color":"rgba(255, 255, 255, 0.7607843137254902)","align_mobile":"left"},"elements":[],"isInner":false,"widgetType":"heading","elType":"widget"}],"isInner":true,"elType":"column"}],"isInner":true,"elType":"section"},{"id":"3937211c","settings":{"structure":"20"},"elements":[{"id":"674e069e","settings":{"_column_size":50,"_inline_size":null},"elements":[{"id":"64d45197","settings":{"icon_list":[{"text":"Privacy Policy","selected_icon":{"value":"","library":""},"_id":"269eff5","link":{"url":"#","is_external":"","nofollow":"","custom_attributes":""}}],"space_between":{"unit":"px","size":0,"sizes":[]},"icon_align":"right","icon_color":"#FFFFFF","icon_size":{"unit":"px","size":6,"sizes":[]},"icon_self_align":"left","text_color":"rgba(255, 255, 255, 0.7607843137254902)","text_indent":{"unit":"px","size":0,"sizes":[]},"icon_typography_typography":"custom","icon_typography_font_family":"Karla","icon_typography_font_size":{"unit":"px","size":17,"sizes":[]},"text_color_hover":"#6EC1E4","icon_align_mobile":"left"},"elements":[],"isInner":false,"widgetType":"icon-list","elType":"widget"}],"isInner":true,"elType":"column"},{"id":"90fdd3b","settings":{"_column_size":50,"_inline_size":null},"elements":[{"id":"18da5c8a","settings":{"icon_list":[{"text":"Use of terms","selected_icon":{"value":"","library":""},"_id":"269eff5","link":{"url":"#","is_external":"","nofollow":"","custom_attributes":""}}],"space_between":{"unit":"px","size":0,"sizes":[]},"icon_align":"left","icon_color":"#FFFFFF","icon_size":{"unit":"px","size":6,"sizes":[]},"icon_self_align":"left","text_color":"rgba(255, 255, 255, 0.7607843137254902)","text_indent":{"unit":"px","size":0,"sizes":[]},"icon_typography_typography":"custom","icon_typography_font_family":"Karla","icon_typography_font_size":{"unit":"px","size":17,"sizes":[]},"text_color_hover":"#6EC1E4","icon_align_mobile":"left"},"elements":[],"isInner":false,"widgetType":"icon-list","elType":"widget"}],"isInner":true,"elType":"column"}],"isInner":true,"elType":"section"}],"isInner":false,"elType":"column"}],"isInner":false,"elType":"section"}],"page_settings":{"eael_ext_toc_title":"Table of Contents"},"version":"0.4","title":"9th OshinFooter Section","type":"page"}